<?xml version="1.0" encoding="UTF-8"?>
<GenRun Id="impl_1" LaunchPart="xc7a35tcpg236-1" LaunchTime="1585813832">
  <File Type="ROUTE-PWR" Name="Top_Student_power_routed.rpt"/>
  <File Type="PA-TCL" Name="Top_Student.tcl"/>
  <File Type="BITSTR-BMM" Name="Top_Student_bd.bmm"/>
  <File Type="ROUTE-PWR-SUM" Name="Top_Student_power_summary_routed.pb"/>
  <File Type="REPORTS-TCL" Name="Top_Student_reports.tcl"/>
  <File Type="OPT-DCP" Name="Top_Student_opt.dcp"/>
  <File Type="OPT-DRC" Name="Top_Student_drc_opted.rpt"/>
  <File Type="OPT-HWDEF" Name="Top_Student.hwdef"/>
  <File Type="PWROPT-DCP" Name="Top_Student_pwropt.dcp"/>
  <File Type="PLACE-DCP" Name="Top_Student_placed.dcp"/>
  <File Type="PLACE-IO" Name="Top_Student_io_placed.rpt"/>
  <File Type="PLACE-UTIL" Name="Top_Student_utilization_placed.rpt"/>
  <File Type="PLACE-UTIL-PB" Name="Top_Student_utilization_placed.pb"/>
  <File Type="PLACE-CTRL" Name="Top_Student_control_sets_placed.rpt"/>
  <File Type="PLACE-PRE-SIMILARITY" Name="Top_Student_incremental_reuse_pre_placed.rpt"/>
  <File Type="BG-BGN" Name="Top_Student.bgn"/>
  <File Type="POSTPLACE-PWROPT-DCP" Name="Top_Student_postplace_pwropt.dcp"/>
  <File Type="BG-BIN" Name="Top_Student.bin"/>
  <File Type="PHYSOPT-DCP" Name="Top_Student_physopt.dcp"/>
  <File Type="BITSTR-MSK" Name="Top_Student.msk"/>
  <File Type="ROUTE-ERROR-DCP" Name="Top_Student_routed_error.dcp"/>
  <File Type="ROUTE-DCP" Name="Top_Student_routed.dcp"/>
  <File Type="ROUTE-BLACKBOX-DCP" Name="Top_Student_routed_bb.dcp"/>
  <File Type="ROUTE-DRC" Name="Top_Student_drc_routed.rpt"/>
  <File Type="ROUTE-DRC-PB" Name="Top_Student_drc_routed.pb"/>
  <File Type="ROUTE-DRC-RPX" Name="Top_Student_drc_routed.rpx"/>
  <File Type="BITSTR-LTX" Name="Top_Student.ltx"/>
  <File Type="ROUTE-METHODOLOGY-DRC" Name="Top_Student_methodology_drc_routed.rpt"/>
  <File Type="BITSTR-MMI" Name="Top_Student.mmi"/>
  <File Type="ROUTE-METHODOLOGY-DRC-RPX" Name="Top_Student_methodology_drc_routed.rpx"/>
  <File Type="ROUTE-METHODOLOGY-DRC-PB" Name="Top_Student_methodology_drc_routed.pb"/>
  <File Type="BITSTR-SYSDEF" Name="Top_Student.sysdef"/>
  <File Type="ROUTE-PWR-RPX" Name="Top_Student_power_routed.rpx"/>
  <File Type="ROUTE-STATUS" Name="Top_Student_route_status.rpt"/>
  <File Type="ROUTE-STATUS-PB" Name="Top_Student_route_status.pb"/>
  <File Type="ROUTE-TIMINGSUMMARY" Name="Top_Student_timing_summary_routed.rpt"/>
  <File Type="ROUTE-TIMING-PB" Name="Top_Student_timing_summary_routed.pb"/>
  <File Type="ROUTE-TIMING-RPX" Name="Top_Student_timing_summary_routed.rpx"/>
  <File Type="ROUTE-CLK" Name="Top_Student_clock_utilization_routed.rpt"/>
  <File Type="RDI-RDI" Name="Top_Student.vdi"/>
  <File Type="ROUTE-BUS-SKEW" Name="Top_Student_bus_skew_routed.rpt"/>
  <File Type="ROUTE-BUS-SKEW-PB" Name="Top_Student_bus_skew_routed.pb"/>
  <File Type="ROUTE-BUS-SKEW-RPX" Name="Top_Student_bus_skew_routed.rpx"/>
  <File Type="POSTROUTE-PHYSOPT-DCP" Name="Top_Student_postroute_physopt.dcp"/>
  <File Type="POSTROUTE-PHYSOPT-BLACKBOX-DCP" Name="Top_Student_postroute_physopt_bb.dcp"/>
  <File Type="BG-BIT" Name="Top_Student.bit"/>
  <File Type="BITSTR-RBT" Name="Top_Student.rbt"/>
  <File Type="BITSTR-NKY" Name="Top_Student.nky"/>
  <File Type="BG-DRC" Name="Top_Student.drc"/>
  <File Type="WBT-USG" Name="usage_statistics_webtalk.html"/>
  <FileSet Name="sources" Type="DesignSrcs" RelSrcDir="$PSRCDIR/sources_1">
    <Filter Type="Srcs"/>
    <File Path="$PSRCDIR/sources_1/new/Audio_Capture.v">
      <FileInfo>
        <Attr Name="ImportPath" Val="$PPRDIR/../../../../../../../../../../../../../../../../../../../../../../../../../../../../../../../../../../../../../../../../../SoundDisplay.srcs/sources_1/new/Audio_Capture.v"/>
        <Attr Name="ImportTime" Val="1570395503"/>
        <Attr Name="UsedIn" Val="synthesis"/>
        <Attr Name="UsedIn" Val="implementation"/>
        <Attr Name="UsedIn" Val="simulation"/>
      </FileInfo>
    </File>
    <File Path="$PSRCDIR/sources_1/new/Oled_Display.v">
      <FileInfo>
        <Attr Name="ImportPath" Val="$PPRDIR/../../../../../../../../../../../../../../../../../../../../../../../../../../../../../../../../../../../../../../../../../SoundDisplay.srcs/sources_1/new/Oled_Display.v"/>
        <Attr Name="ImportTime" Val="1570395512"/>
        <Attr Name="UsedIn" Val="synthesis"/>
        <Attr Name="UsedIn" Val="implementation"/>
        <Attr Name="UsedIn" Val="simulation"/>
      </FileInfo>
    </File>
    <File Path="$PSRCDIR/sources_1/imports/new/clk6p25m.v">
      <FileInfo>
        <Attr Name="ImportPath" Val="$PPRDIR/../../../../../../../../../../../../../../../../../../../../../../../../../../../../../../../../../../../../../../../../../SoundDisplay.xpr/SoundDisplay/SoundDisplay.srcs/sources_1/new/clk6p25m.v"/>
        <Attr Name="ImportTime" Val="1583982902"/>
        <Attr Name="UsedIn" Val="synthesis"/>
        <Attr Name="UsedIn" Val="implementation"/>
        <Attr Name="UsedIn" Val="simulation"/>
      </FileInfo>
    </File>
    <File Path="$PSRCDIR/sources_1/new/clock_divider.v">
      <FileInfo>
        <Attr Name="ImportPath" Val="$PPRDIR/../../../../../../../../../../../../../../../../../../../../../../../../../../../../../../../../../../../../../../../../../SoundDisplay.srcs/sources_1/new/clock_divider.v"/>
        <Attr Name="ImportTime" Val="1584582139"/>
        <Attr Name="UsedIn" Val="synthesis"/>
        <Attr Name="UsedIn" Val="implementation"/>
        <Attr Name="UsedIn" Val="simulation"/>
      </FileInfo>
    </File>
    <File Path="$PSRCDIR/sources_1/imports/new/colour_display.v">
      <FileInfo>
        <Attr Name="ImportPath" Val="$PPRDIR/../../../../../../../../../../../../../../../../../../../../../../../../../../../../../../../../../../../../../../../../../../../../../Documents/SoundDisplay_colour.xpr/SoundDisplay/SoundDisplay.srcs/sources_1/new/colour_display.v"/>
        <Attr Name="ImportTime" Val="1584600971"/>
        <Attr Name="UsedIn" Val="synthesis"/>
        <Attr Name="UsedIn" Val="implementation"/>
        <Attr Name="UsedIn" Val="simulation"/>
      </FileInfo>
    </File>
    <File Path="$PSRCDIR/sources_1/imports/new/pixel_index_system.v">
      <FileInfo>
        <Attr Name="ImportPath" Val="$PPRDIR/../../../../../../../../../../../../../../../../../../../../../../../../../../../../../../../../../../../../../../../../../../../../../Documents/SoundDisplay_colour.xpr/SoundDisplay/SoundDisplay.srcs/sources_1/new/pixel_index_system.v"/>
        <Attr Name="ImportTime" Val="1584600971"/>
        <Attr Name="UsedIn" Val="synthesis"/>
        <Attr Name="UsedIn" Val="implementation"/>
        <Attr Name="UsedIn" Val="simulation"/>
      </FileInfo>
    </File>
    <File Path="$PSRCDIR/sources_1/new/select_border.v">
      <FileInfo>
        <Attr Name="ImportPath" Val="$PPRDIR/../../../../../../../../../../../../../../../../../../../../../../Final_all_basicRequirements.xpr/SoundDisplay/SoundDisplay.srcs/sources_1/new/select_border.v"/>
        <Attr Name="ImportTime" Val="1585193561"/>
        <Attr Name="UsedIn" Val="synthesis"/>
        <Attr Name="UsedIn" Val="implementation"/>
        <Attr Name="UsedIn" Val="simulation"/>
      </FileInfo>
    </File>
    <File Path="$PSRCDIR/sources_1/new/Top_Student.v">
      <FileInfo>
        <Attr Name="ImportPath" Val="$PPRDIR/../../../../../../../../../../../../../../../../../../../../../../../../../../../../../../../../../../../../../../../../../SoundDisplay.srcs/sources_1/new/Top_Student.v"/>
        <Attr Name="ImportTime" Val="1570395690"/>
        <Attr Name="UsedIn" Val="synthesis"/>
        <Attr Name="UsedIn" Val="implementation"/>
        <Attr Name="UsedIn" Val="simulation"/>
      </FileInfo>
    </File>
    <File Path="$PSRCDIR/sources_1/imports/SoundDisplay_adding_capture/archive_project_summary.txt">
      <FileInfo>
        <Attr Name="ImportPath" Val="$PPRDIR/../../../../../../../../../../../../../../../../../../../../../../../../../../../../../../../../../../../Vivado/111111/SoundDisplay_adding_capture/archive_project_summary.txt"/>
        <Attr Name="ImportTime" Val="1584629442"/>
      </FileInfo>
    </File>
    <File Path="$PSRCDIR/sources_1/imports/SoundDisplay/archive_project_summary.txt">
      <FileInfo>
        <Attr Name="ImportPath" Val="$PPRDIR/../../../../../../Thursday_AM_LEE HAO YUAN_A0201511E_A0206037N_Archive.xpr/SoundDisplay/archive_project_summary.txt"/>
        <Attr Name="ImportTime" Val="1585813198"/>
      </FileInfo>
    </File>
    <Config>
      <Option Name="DesignMode" Val="RTL"/>
      <Option Name="TopModule" Val="Top_Student"/>
      <Option Name="TopAutoSet" Val="TRUE"/>
    </Config>
  </FileSet>
  <FileSet Name="constrs_in" Type="Constrs" RelSrcDir="$PSRCDIR/constrs_1">
    <Filter Type="Constrs"/>
    <File Path="$PSRCDIR/constrs_1/new/Basys3_Master.xdc">
      <FileInfo>
        <Attr Name="ImportPath" Val="$PPRDIR/../../../../../../../../../../../../../../../../../../../../../../../../../../../../../../../../../../../../../../../../../SoundDisplay.srcs/constrs_1/new/Basys3_Master.xdc"/>
        <Attr Name="ImportTime" Val="1570394606"/>
        <Attr Name="UsedIn" Val="synthesis"/>
        <Attr Name="UsedIn" Val="implementation"/>
      </FileInfo>
    </File>
    <Config>
      <Option Name="ConstrsType" Val="XDC"/>
    </Config>
  </FileSet>
  <Strategy Version="1" Minor="2">
    <StratHandle Name="Vivado Implementation Defaults" Flow="Vivado Implementation 2018"/>
    <Step Id="init_design"/>
    <Step Id="opt_design"/>
    <Step Id="power_opt_design"/>
    <Step Id="place_design"/>
    <Step Id="post_place_power_opt_design"/>
    <Step Id="phys_opt_design"/>
    <Step Id="route_design"/>
    <Step Id="post_route_phys_opt_design"/>
    <Step Id="write_bitstream"/>
  </Strategy>
</GenRun>
